Workbook

Sheet RAW_DATA
A1: M3C2 BATCH STATS — IMPORT CSV SEM
A2: Postup: 1) Skopíruj obsah batch_stats.csv → 2) Vlož (Ctrl+Shift+V → Hodnoty) od bunky A4 → 3) Prejdi na sheet "Grafy" — grafy sa aktualizujú automaticky
A3: Názov behu | B3: Čas | C3: d [m] | D3: Normal radii | E3: Core spacing [m] | F3: reg_error [m] | G3: Sigma mode | H3: σ₁ [m] | I3: σ₂ [m] | J3: LoD₉₅ [m] | K3: Total CP | L3: Valid CP | M3: NaN CP | N3: Sig. count | O3: Sig. % | P3: Mean dist [m] | Q3: Median dist [m] | R3: StdDev [m] | S3: Min dist [m] | T3: Max dist [m] | U3: RMS [m] | V3: Nz mean | W3: Nz min

Sheet Grafy
A1: M3C2 PARAMETRICKÁ ŠTÚDIA — GRAFY
A2: Grafy sú naviazané na RAW_DATA!C4:C53 (d) a príslušné stĺpce. Ak pridáš riadky nad 53, rozsahy uprav.

Sheet Analyza
A1: M3C2 d-štúdia — Analýza & Knee Point
A3: ▸ NASTAVENIA (upraviť podľa potreby)
B4: Počet behov v RAW_DATA: | C4: 6 | D4: ← počet riadkov s dátami v RAW_DATA
B5: reg_error (m): | C5: 0.05 | D5: ← z m3c2_checkpoint14 nastavení
B6: Confidence level: | C6: 0.95
B7: Stĺpec 'd' v RAW_DATA (číslo): | C7: 3
A9: ▸ VÝPOČTOVÁ TABUĽKA (automaticky z RAW_DATA)
A10: Beh # | B10: d [m] | C10: σ₁ [m] | D10: σ₂ [m] | E10: LoD₉₅ [m] | F10: σ₁/σ₂ | G10: σ₁ > reg_error? | H10: Sig. % | I10: Valid CP | J10: NaN CP | K10: StdDev [m] | L10: Poznámka
A11: 1 | B11: =IF(RAW_DATA!C4<>"",RAW_DATA!C4,"") | C11: =IF(RAW_DATA!H4<>"",RAW_DATA!H4,"") | D11: =IF(RAW_DATA!I4<>"",RAW_DATA!I4,"") | E11: =IF(RAW_DATA!J4<>"",RAW_DATA!J4,"") | F11: =IF(AND(C11<>"",D11<>"",D11<>0),C11/D11,"") | G11: =IF(C11<>"",IF(C11>$C$5,"ÁNO ← nad reg_error","nie"),"") | H11: =IF(RAW_DATA!O4<>"",RAW_DATA!O4,"") | I11: =IF(RAW_DATA!L4<>"",RAW_DATA!L4,"") | J11: =IF(RAW_DATA!M4<>"",RAW_DATA!M4,"") | K11: =IF(RAW_DATA!R4<>"",RAW_DATA!R4,"") | L11: =IF(C11="","",IF(AND(C11>$C$5,C10<>"",C10<=$C$5),"← KNEE POINT (σ₁ prekročila reg_error)",IF(C11<=$C$5,"σ₁ pod reg_error","σ₁ nad reg_error")))
A12: 2 | B12: =IF(RAW_DATA!C5<>"",RAW_DATA!C5,"") | C12: =IF(RAW_DATA!H5<>"",RAW_DATA!H5,"") | D12: =IF(RAW_DATA!I5<>"",RAW_DATA!I5,"") | E12: =IF(RAW_DATA!J5<>"",RAW_DATA!J5,"") | F12: =IF(AND(C12<>"",D12<>"",D12<>0),C12/D12,"") | G12: =IF(C12<>"",IF(C12>$C$5,"ÁNO ← nad reg_error","nie"),"") | H12: =IF(RAW_DATA!O5<>"",RAW_DATA!O5,"") | I12: =IF(RAW_DATA!L5<>"",RAW_DATA!L5,"") | J12: =IF(RAW_DATA!M5<>"",RAW_DATA!M5,"") | K12: =IF(RAW_DATA!R5<>"",RAW_DATA!R5,"") | L12: =IF(C12="","",IF(AND(C12>$C$5,C11<>"",C11<=$C$5),"← KNEE POINT (σ₁ prekročila reg_error)",IF(C12<=$C$5,"σ₁ pod reg_error","σ₁ nad reg_error")))
A13: 3 | B13: =IF(RAW_DATA!C6<>"",RAW_DATA!C6,"") | C13: =IF(RAW_DATA!H6<>"",RAW_DATA!H6,"") | D13: =IF(RAW_DATA!I6<>"",RAW_DATA!I6,"") | E13: =IF(RAW_DATA!J6<>"",RAW_DATA!J6,"") | F13: =IF(AND(C13<>"",D13<>"",D13<>0),C13/D13,"") | G13: =IF(C13<>"",IF(C13>$C$5,"ÁNO ← nad reg_error","nie"),"") | H13: =IF(RAW_DATA!O6<>"",RAW_DATA!O6,"") | I13: =IF(RAW_DATA!L6<>"",RAW_DATA!L6,"") | J13: =IF(RAW_DATA!M6<>"",RAW_DATA!M6,"") | K13: =IF(RAW_DATA!R6<>"",RAW_DATA!R6,"") | L13: =IF(C13="","",IF(AND(C13>$C$5,C12<>"",C12<=$C$5),"← KNEE POINT (σ₁ prekročila reg_error)",IF(C13<=$C$5,"σ₁ pod reg_error","σ₁ nad reg_error")))
A14: 4 | B14: =IF(RAW_DATA!C7<>"",RAW_DATA!C7,"") | C14: =IF(RAW_DATA!H7<>"",RAW_DATA!H7,"") | D14: =IF(RAW_DATA!I7<>"",RAW_DATA!I7,"") | E14: =IF(RAW_DATA!J7<>"",RAW_DATA!J7,"") | F14: =IF(AND(C14<>"",D14<>"",D14<>0),C14/D14,"") | G14: =IF(C14<>"",IF(C14>$C$5,"ÁNO ← nad reg_error","nie"),"") | H14: =IF(RAW_DATA!O7<>"",RAW_DATA!O7,"") | I14: =IF(RAW_DATA!L7<>"",RAW_DATA!L7,"") | J14: =IF(RAW_DATA!M7<>"",RAW_DATA!M7,"") | K14: =IF(RAW_DATA!R7<>"",RAW_DATA!R7,"") | L14: =IF(C14="","",IF(AND(C14>$C$5,C13<>"",C13<=$C$5),"← KNEE POINT (σ₁ prekročila reg_error)",IF(C14<=$C$5,"σ₁ pod reg_error","σ₁ nad reg_error")))
A15: 5 | B15: =IF(RAW_DATA!C8<>"",RAW_DATA!C8,"") | C15: =IF(RAW_DATA!H8<>"",RAW_DATA!H8,"") | D15: =IF(RAW_DATA!I8<>"",RAW_DATA!I8,"") | E15: =IF(RAW_DATA!J8<>"",RAW_DATA!J8,"") | F15: =IF(AND(C15<>"",D15<>"",D15<>0),C15/D15,"") | G15: =IF(C15<>"",IF(C15>$C$5,"ÁNO ← nad reg_error","nie"),"") | H15: =IF(RAW_DATA!O8<>"",RAW_DATA!O8,"") | I15: =IF(RAW_DATA!L8<>"",RAW_DATA!L8,"") | J15: =IF(RAW_DATA!M8<>"",RAW_DATA!M8,"") | K15: =IF(RAW_DATA!R8<>"",RAW_DATA!R8,"") | L15: =IF(C15="","",IF(AND(C15>$C$5,C14<>"",C14<=$C$5),"← KNEE POINT (σ₁ prekročila reg_error)",IF(C15<=$C$5,"σ₁ pod reg_error","σ₁ nad reg_error")))
A16: 6 | B16: =IF(RAW_DATA!C9<>"",RAW_DATA!C9,"") | C16: =IF(RAW_DATA!H9<>"",RAW_DATA!H9,"") | D16: =IF(RAW_DATA!I9<>"",RAW_DATA!I9,"") | E16: =IF(RAW_DATA!J9<>"",RAW_DATA!J9,"") | F16: =IF(AND(C16<>"",D16<>"",D16<>0),C16/D16,"") | G16: =IF(C16<>"",IF(C16>$C$5,"ÁNO ← nad reg_error","nie"),"") | H16: =IF(RAW_DATA!O9<>"",RAW_DATA!O9,"") | I16: =IF(RAW_DATA!L9<>"",RAW_DATA!L9,"") | J16: =IF(RAW_DATA!M9<>"",RAW_DATA!M9,"") | K16: =IF(RAW_DATA!R9<>"",RAW_DATA!R9,"") | L16: =IF(C16="","",IF(AND(C16>$C$5,C15<>"",C15<=$C$5),"← KNEE POINT (σ₁ prekročila reg_error)",IF(C16<=$C$5,"σ₁ pod reg_error","σ₁ nad reg_error")))
A17: 7 | B17: =IF(RAW_DATA!C10<>"",RAW_DATA!C10,"") | C17: =IF(RAW_DATA!H10<>"",RAW_DATA!H10,"") | D17: =IF(RAW_DATA!I10<>"",RAW_DATA!I10,"") | E17: =IF(RAW_DATA!J10<>"",RAW_DATA!J10,"") | F17: =IF(AND(C17<>"",D17<>"",D17<>0),C17/D17,"") | G17: =IF(C17<>"",IF(C17>$C$5,"ÁNO ← nad reg_error","nie"),"") | H17: =IF(RAW_DATA!O10<>"",RAW_DATA!O10,"") | I17: =IF(RAW_DATA!L10<>"",RAW_DATA!L10,"") | J17: =IF(RAW_DATA!M10<>"",RAW_DATA!M10,"") | K17: =IF(RAW_DATA!R10<>"",RAW_DATA!R10,"") | L17: =IF(C17="","",IF(AND(C17>$C$5,C16<>"",C16<=$C$5),"← KNEE POINT (σ₁ prekročila reg_error)",IF(C17<=$C$5,"σ₁ pod reg_error","σ₁ nad reg_error")))
A18: 8 | B18: =IF(RAW_DATA!C11<>"",RAW_DATA!C11,"") | C18: =IF(RAW_DATA!H11<>"",RAW_DATA!H11,"") | D18: =IF(RAW_DATA!I11<>"",RAW_DATA!I11,"") | E18: =IF(RAW_DATA!J11<>"",RAW_DATA!J11,"") | F18: =IF(AND(C18<>"",D18<>"",D18<>0),C18/D18,"") | G18: =IF(C18<>"",IF(C18>$C$5,"ÁNO ← nad reg_error","nie"),"") | H18: =IF(RAW_DATA!O11<>"",RAW_DATA!O11,"") | I18: =IF(RAW_DATA!L11<>"",RAW_DATA!L11,"") | J18: =IF(RAW_DATA!M11<>"",RAW_DATA!M11,"") | K18: =IF(RAW_DATA!R11<>"",RAW_DATA!R11,"") | L18: =IF(C18="","",IF(AND(C18>$C$5,C17<>"",C17<=$C$5),"← KNEE POINT (σ₁ prekročila reg_error)",IF(C18<=$C$5,"σ₁ pod reg_error","σ₁ nad reg_error")))
A19: 9 | B19: =IF(RAW_DATA!C12<>"",RAW_DATA!C12,"") | C19: =IF(RAW_DATA!H12<>"",RAW_DATA!H12,"") | D19: =IF(RAW_DATA!I12<>"",RAW_DATA!I12,"") | E19: =IF(RAW_DATA!J12<>"",RAW_DATA!J12,"") | F19: =IF(AND(C19<>"",D19<>"",D19<>0),C19/D19,"") | G19: =IF(C19<>"",IF(C19>$C$5,"ÁNO ← nad reg_error","nie"),"") | H19: =IF(RAW_DATA!O12<>"",RAW_DATA!O12,"") | I19: =IF(RAW_DATA!L12<>"",RAW_DATA!L12,"") | J19: =IF(RAW_DATA!M12<>"",RAW_DATA!M12,"") | K19: =IF(RAW_DATA!R12<>"",RAW_DATA!R12,"") | L19: =IF(C19="","",IF(AND(C19>$C$5,C18<>"",C18<=$C$5),"← KNEE POINT (σ₁ prekročila reg_error)",IF(C19<=$C$5,"σ₁ pod reg_error","σ₁ nad reg_error")))
A20: 10 | B20: =IF(RAW_DATA!C13<>"",RAW_DATA!C13,"") | C20: =IF(RAW_DATA!H13<>"",RAW_DATA!H13,"") | D20: =IF(RAW_DATA!I13<>"",RAW_DATA!I13,"") | E20: =IF(RAW_DATA!J13<>"",RAW_DATA!J13,"") | F20: =IF(AND(C20<>"",D20<>"",D20<>0),C20/D20,"") | G20: =IF(C20<>"",IF(C20>$C$5,"ÁNO ← nad reg_error","nie"),"") | H20: =IF(RAW_DATA!O13<>"",RAW_DATA!O13,"") | I20: =IF(RAW_DATA!L13<>"",RAW_DATA!L13,"") | J20: =IF(RAW_DATA!M13<>"",RAW_DATA!M13,"") | K20: =IF(RAW_DATA!R13<>"",RAW_DATA!R13,"") | L20: =IF(C20="","",IF(AND(C20>$C$5,C19<>"",C19<=$C$5),"← KNEE POINT (σ₁ prekročila reg_error)",IF(C20<=$C$5,"σ₁ pod reg_error","σ₁ nad reg_error")))
A21: 11 | B21: =IF(RAW_DATA!C14<>"",RAW_DATA!C14,"") | C21: =IF(RAW_DATA!H14<>"",RAW_DATA!H14,"") | D21: =IF(RAW_DATA!I14<>"",RAW_DATA!I14,"") | E21: =IF(RAW_DATA!J14<>"",RAW_DATA!J14,"") | F21: =IF(AND(C21<>"",D21<>"",D21<>0),C21/D21,"") | G21: =IF(C21<>"",IF(C21>$C$5,"ÁNO ← nad reg_error","nie"),"") | H21: =IF(RAW_DATA!O14<>"",RAW_DATA!O14,"") | I21: =IF(RAW_DATA!L14<>"",RAW_DATA!L14,"") | J21: =IF(RAW_DATA!M14<>"",RAW_DATA!M14,"") | K21: =IF(RAW_DATA!R14<>"",RAW_DATA!R14,"") | L21: =IF(C21="","",IF(AND(C21>$C$5,C20<>"",C20<=$C$5),"← KNEE POINT (σ₁ prekročila reg_error)",IF(C21<=$C$5,"σ₁ pod reg_error","σ₁ nad reg_error")))
A22: 12 | B22: =IF(RAW_DATA!C15<>"",RAW_DATA!C15,"") | C22: =IF(RAW_DATA!H15<>"",RAW_DATA!H15,"") | D22: =IF(RAW_DATA!I15<>"",RAW_DATA!I15,"") | E22: =IF(RAW_DATA!J15<>"",RAW_DATA!J15,"") | F22: =IF(AND(C22<>"",D22<>"",D22<>0),C22/D22,"") | G22: =IF(C22<>"",IF(C22>$C$5,"ÁNO ← nad reg_error","nie"),"") | H22: =IF(RAW_DATA!O15<>"",RAW_DATA!O15,"") | I22: =IF(RAW_DATA!L15<>"",RAW_DATA!L15,"") | J22: =IF(RAW_DATA!M15<>"",RAW_DATA!M15,"") | K22: =IF(RAW_DATA!R15<>"",RAW_DATA!R15,"") | L22: =IF(C22="","",IF(AND(C22>$C$5,C21<>"",C21<=$C$5),"← KNEE POINT (σ₁ prekročila reg_error)",IF(C22<=$C$5,"σ₁ pod reg_error","σ₁ nad reg_error")))
... A30: 20 | B30: =IF(RAW_DATA!C23<>"",RAW_DATA!C23,"") | C30: =IF(RAW_DATA!H23<>"",RAW_DATA!H23,"") | D30: =IF(RAW_DATA!I23<>"",RAW_DATA!I23,"") | E30: =IF(RAW_DATA!J23<>"",RAW_DATA!J23,"") | F30: =IF(AND(C30<>"",D30<>"",D30<>0),C30/D30,"") | G30: =IF(C30<>"",IF(C30>$C$5,"ÁNO ← nad reg_error","nie"),"") | H30: =IF(RAW_DATA!O23<>"",RAW_DATA!O23,"") | I30: =IF(RAW_DATA!L23<>"",RAW_DATA!L23,"") | J30: =IF(RAW_DATA!M23<>"",RAW_DATA!M23,"") | K30: =IF(RAW_DATA!R23<>"",RAW_DATA!R23,"") | L30: =IF(C30="","",IF(AND(C30>$C$5,C29<>"",C29<=$C$5),"← KNEE POINT (σ₁ prekročila reg_error)",IF(C30<=$C$5,"σ₁ pod reg_error","σ₁ nad reg_error")))
A33: ▸ KNEE POINT SUMMARY
B34: Odporúčané d [m]: | C34: =IFERROR(INDEX(B11:B30,MATCH(TRUE(),MMULT(--(C11:C30>$C$5),{1}),0)),"—") | D34: Knee point = prvé d, kde σ₁ prekročí reg_error. Vzorce v C34:C39 sú array formulas — ak Excel zobrazí #HODNOTA!, potvrď ich cez Ctrl+Shift+Enter (nie iba Enter).
B35: σ₁ pri odp. d [m]: | C35: =IFERROR(INDEX(C11:C30,MATCH(TRUE(),MMULT(--(C11:C30>$C$5),{1}),0)),"—")
B36: σ₂ pri odp. d [m]: | C36: =IFERROR(INDEX(D11:D30,MATCH(TRUE(),MMULT(--(C11:C30>$C$5),{1}),0)),"—")
B37: LoD₉₅ pri odp. d [m]: | C37: =IFERROR(INDEX(E11:E30,MATCH(TRUE(),MMULT(--(C11:C30>$C$5),{1}),0)),"—")
B38: Sig.% pri odp. d: | C38: =IFERROR(INDEX(H11:H30,MATCH(TRUE(),MMULT(--(C11:C30>$C$5),{1}),0)),"—")
B39: Valid CP pri odp. d: | C39: =IFERROR(INDEX(I11:I30,MATCH(TRUE(),MMULT(--(C11:C30>$C$5),{1}),0)),"—")

Sheet Navod
B1: NÁVOD NA POUŽITIE
B3: KROK 1 — Zaškrtni checkbox
B4: V m3c2_checkpoint14.py GUI zaškrtni 'Export batch stats to CSV' v sekcii Output Options.
B6: KROK 2 — Spusti batch behy
B7: Nastav parametre pre každý beh (napr. rôzne d hodnoty), ulož každý ako JSON session, potom spusti všetky naraz cez tlačidlo Batch. CSV sa priebežne dopĺňa.
B9: KROK 3 — Nájdi batch_stats.csv
B10: Súbor batch_stats.csv vznikne vedľa prvého output .laz súboru. Každý ďalší beh append-ne nový riadok (header sa nezopakuje).
B12: KROK 4 — Importuj do Excelu
B13: Otvor tento súbor. Choď na sheet RAW_DATA. Otvor batch_stats.csv v Notepade / Excel, skopíruj všetky riadky (bez hlavičky ak ju tu už máš), vlož od bunky A4 ako hodnoty (Ctrl+Shift+V → Hodnoty).
B15: KROK 5 — Prezri grafy
B16: Choď na sheet Grafy — σ₁, σ₂, LoD, sig%, valid CP vs. d sa zobrazia automaticky.
B18: KROK 6 — Knee point
... B22: Tento Excel funguje pre d-štúdiu, D-štúdiu, reg_error štúdiu aj iné. Pre iný parameter len zmeň popis v hlavičke — stĺpcové formáty a grafy ostávajú rovnaké.
